{
  "hash": "46b008bc",
  "configHash": "0c005183",
  "lockfileHash": "35a567fc",
  "browserHash": "23b65f2d",
  "optimized": {
    "@angular/cdk/a11y": {
      "src": "../../../../../../node_modules/@angular/cdk/fesm2022/a11y.mjs",
      "file": "@angular_cdk_a11y.js",
      "fileHash": "cd5a489f",
      "needsInterop": false
    },
    "@angular/cdk/bidi": {
      "src": "../../../../../../node_modules/@angular/cdk/fesm2022/bidi.mjs",
      "file": "@angular_cdk_bidi.js",
      "fileHash": "35863bb1",
      "needsInterop": false
    },
    "@angular/cdk/drag-drop": {
      "src": "../../../../../../node_modules/@angular/cdk/fesm2022/drag-drop.mjs",
      "file": "@angular_cdk_drag-drop.js",
      "fileHash": "51b06d44",
      "needsInterop": false
    },
    "@angular/cdk/keycodes": {
      "src": "../../../../../../node_modules/@angular/cdk/fesm2022/keycodes.mjs",
      "file": "@angular_cdk_keycodes.js",
      "fileHash": "7f159c96",
      "needsInterop": false
    },
    "@angular/cdk/layout": {
      "src": "../../../../../../node_modules/@angular/cdk/fesm2022/layout.mjs",
      "file": "@angular_cdk_layout.js",
      "fileHash": "68c294b3",
      "needsInterop": false
    },
    "@angular/cdk/scrolling": {
      "src": "../../../../../../node_modules/@angular/cdk/fesm2022/scrolling.mjs",
      "file": "@angular_cdk_scrolling.js",
      "fileHash": "3b647c1c",
      "needsInterop": false
    },
    "@angular/cdk/text-field": {
      "src": "../../../../../../node_modules/@angular/cdk/fesm2022/text-field.mjs",
      "file": "@angular_cdk_text-field.js",
      "fileHash": "3f8279e3",
      "needsInterop": false
    },
    "@angular/common": {
      "src": "../../../../../../node_modules/@angular/common/fesm2022/common.mjs",
      "file": "@angular_common.js",
      "fileHash": "8a39b241",
      "needsInterop": false
    },
    "@angular/common/http": {
      "src": "../../../../../../node_modules/@angular/common/fesm2022/http.mjs",
      "file": "@angular_common_http.js",
      "fileHash": "d9c96bb5",
      "needsInterop": false
    },
    "@angular/core": {
      "src": "../../../../../../node_modules/@angular/core/fesm2022/core.mjs",
      "file": "@angular_core.js",
      "fileHash": "b9d1752d",
      "needsInterop": false
    },
    "@angular/forms": {
      "src": "../../../../../../node_modules/@angular/forms/fesm2022/forms.mjs",
      "file": "@angular_forms.js",
      "fileHash": "7097daa6",
      "needsInterop": false
    },
    "@angular/material/autocomplete": {
      "src": "../../../../../../node_modules/@angular/material/fesm2022/autocomplete.mjs",
      "file": "@angular_material_autocomplete.js",
      "fileHash": "54e4a487",
      "needsInterop": false
    },
    "@angular/material/badge": {
      "src": "../../../../../../node_modules/@angular/material/fesm2022/badge.mjs",
      "file": "@angular_material_badge.js",
      "fileHash": "27fd86ce",
      "needsInterop": false
    },
    "@angular/material/bottom-sheet": {
      "src": "../../../../../../node_modules/@angular/material/fesm2022/bottom-sheet.mjs",
      "file": "@angular_material_bottom-sheet.js",
      "fileHash": "e20ead3b",
      "needsInterop": false
    },
    "@angular/material/button": {
      "src": "../../../../../../node_modules/@angular/material/fesm2022/button.mjs",
      "file": "@angular_material_button.js",
      "fileHash": "f603d431",
      "needsInterop": false
    },
    "@angular/material/button-toggle": {
      "src": "../../../../../../node_modules/@angular/material/fesm2022/button-toggle.mjs",
      "file": "@angular_material_button-toggle.js",
      "fileHash": "2ddbedaf",
      "needsInterop": false
    },
    "@angular/material/card": {
      "src": "../../../../../../node_modules/@angular/material/fesm2022/card.mjs",
      "file": "@angular_material_card.js",
      "fileHash": "7e0d3507",
      "needsInterop": false
    },
    "@angular/material/checkbox": {
      "src": "../../../../../../node_modules/@angular/material/fesm2022/checkbox.mjs",
      "file": "@angular_material_checkbox.js",
      "fileHash": "61e0a15c",
      "needsInterop": false
    },
    "@angular/material/chips": {
      "src": "../../../../../../node_modules/@angular/material/fesm2022/chips.mjs",
      "file": "@angular_material_chips.js",
      "fileHash": "366d2c08",
      "needsInterop": false
    },
    "@angular/material/core": {
      "src": "../../../../../../node_modules/@angular/material/fesm2022/core.mjs",
      "file": "@angular_material_core.js",
      "fileHash": "ff76c6f4",
      "needsInterop": false
    },
    "@angular/material/datepicker": {
      "src": "../../../../../../node_modules/@angular/material/fesm2022/datepicker.mjs",
      "file": "@angular_material_datepicker.js",
      "fileHash": "11902f50",
      "needsInterop": false
    },
    "@angular/material/dialog": {
      "src": "../../../../../../node_modules/@angular/material/fesm2022/dialog.mjs",
      "file": "@angular_material_dialog.js",
      "fileHash": "c46081f7",
      "needsInterop": false
    },
    "@angular/material/divider": {
      "src": "../../../../../../node_modules/@angular/material/fesm2022/divider.mjs",
      "file": "@angular_material_divider.js",
      "fileHash": "9b0fcb88",
      "needsInterop": false
    },
    "@angular/material/expansion": {
      "src": "../../../../../../node_modules/@angular/material/fesm2022/expansion.mjs",
      "file": "@angular_material_expansion.js",
      "fileHash": "510f4b83",
      "needsInterop": false
    },
    "@angular/material/form-field": {
      "src": "../../../../../../node_modules/@angular/material/fesm2022/form-field.mjs",
      "file": "@angular_material_form-field.js",
      "fileHash": "d36960ce",
      "needsInterop": false
    },
    "@angular/material/grid-list": {
      "src": "../../../../../../node_modules/@angular/material/fesm2022/grid-list.mjs",
      "file": "@angular_material_grid-list.js",
      "fileHash": "bf6af526",
      "needsInterop": false
    },
    "@angular/material/icon": {
      "src": "../../../../../../node_modules/@angular/material/fesm2022/icon.mjs",
      "file": "@angular_material_icon.js",
      "fileHash": "6772fc29",
      "needsInterop": false
    },
    "@angular/material/input": {
      "src": "../../../../../../node_modules/@angular/material/fesm2022/input.mjs",
      "file": "@angular_material_input.js",
      "fileHash": "ff2ba05c",
      "needsInterop": false
    },
    "@angular/material/list": {
      "src": "../../../../../../node_modules/@angular/material/fesm2022/list.mjs",
      "file": "@angular_material_list.js",
      "fileHash": "cab24660",
      "needsInterop": false
    },
    "@angular/material/menu": {
      "src": "../../../../../../node_modules/@angular/material/fesm2022/menu.mjs",
      "file": "@angular_material_menu.js",
      "fileHash": "bbd9f8a1",
      "needsInterop": false
    },
    "@angular/material/paginator": {
      "src": "../../../../../../node_modules/@angular/material/fesm2022/paginator.mjs",
      "file": "@angular_material_paginator.js",
      "fileHash": "dacef3f8",
      "needsInterop": false
    },
    "@angular/material/progress-bar": {
      "src": "../../../../../../node_modules/@angular/material/fesm2022/progress-bar.mjs",
      "file": "@angular_material_progress-bar.js",
      "fileHash": "0171cdea",
      "needsInterop": false
    },
    "@angular/material/progress-spinner": {
      "src": "../../../../../../node_modules/@angular/material/fesm2022/progress-spinner.mjs",
      "file": "@angular_material_progress-spinner.js",
      "fileHash": "132c7522",
      "needsInterop": false
    },
    "@angular/material/radio": {
      "src": "../../../../../../node_modules/@angular/material/fesm2022/radio.mjs",
      "file": "@angular_material_radio.js",
      "fileHash": "e3daf6e7",
      "needsInterop": false
    },
    "@angular/material/select": {
      "src": "../../../../../../node_modules/@angular/material/fesm2022/select.mjs",
      "file": "@angular_material_select.js",
      "fileHash": "291e9c1f",
      "needsInterop": false
    },
    "@angular/material/sidenav": {
      "src": "../../../../../../node_modules/@angular/material/fesm2022/sidenav.mjs",
      "file": "@angular_material_sidenav.js",
      "fileHash": "c8584db7",
      "needsInterop": false
    },
    "@angular/material/slide-toggle": {
      "src": "../../../../../../node_modules/@angular/material/fesm2022/slide-toggle.mjs",
      "file": "@angular_material_slide-toggle.js",
      "fileHash": "3e6805c3",
      "needsInterop": false
    },
    "@angular/material/slider": {
      "src": "../../../../../../node_modules/@angular/material/fesm2022/slider.mjs",
      "file": "@angular_material_slider.js",
      "fileHash": "f1b7bb43",
      "needsInterop": false
    },
    "@angular/material/snack-bar": {
      "src": "../../../../../../node_modules/@angular/material/fesm2022/snack-bar.mjs",
      "file": "@angular_material_snack-bar.js",
      "fileHash": "5e9c0730",
      "needsInterop": false
    },
    "@angular/material/sort": {
      "src": "../../../../../../node_modules/@angular/material/fesm2022/sort.mjs",
      "file": "@angular_material_sort.js",
      "fileHash": "d455e5ab",
      "needsInterop": false
    },
    "@angular/material/stepper": {
      "src": "../../../../../../node_modules/@angular/material/fesm2022/stepper.mjs",
      "file": "@angular_material_stepper.js",
      "fileHash": "95970cda",
      "needsInterop": false
    },
    "@angular/material/table": {
      "src": "../../../../../../node_modules/@angular/material/fesm2022/table.mjs",
      "file": "@angular_material_table.js",
      "fileHash": "9f3f1efc",
      "needsInterop": false
    },
    "@angular/material/tabs": {
      "src": "../../../../../../node_modules/@angular/material/fesm2022/tabs.mjs",
      "file": "@angular_material_tabs.js",
      "fileHash": "7d8aa5f2",
      "needsInterop": false
    },
    "@angular/material/toolbar": {
      "src": "../../../../../../node_modules/@angular/material/fesm2022/toolbar.mjs",
      "file": "@angular_material_toolbar.js",
      "fileHash": "baad944d",
      "needsInterop": false
    },
    "@angular/material/tooltip": {
      "src": "../../../../../../node_modules/@angular/material/fesm2022/tooltip.mjs",
      "file": "@angular_material_tooltip.js",
      "fileHash": "99fc171b",
      "needsInterop": false
    },
    "@angular/material/tree": {
      "src": "../../../../../../node_modules/@angular/material/fesm2022/tree.mjs",
      "file": "@angular_material_tree.js",
      "fileHash": "d7b8986f",
      "needsInterop": false
    },
    "@angular/platform-browser": {
      "src": "../../../../../../node_modules/@angular/platform-browser/fesm2022/platform-browser.mjs",
      "file": "@angular_platform-browser.js",
      "fileHash": "72f4949e",
      "needsInterop": false
    },
    "@angular/platform-browser/animations/async": {
      "src": "../../../../../../node_modules/@angular/platform-browser/fesm2022/animations/async.mjs",
      "file": "@angular_platform-browser_animations_async.js",
      "fileHash": "778acb2e",
      "needsInterop": false
    },
    "@angular/router": {
      "src": "../../../../../../node_modules/@angular/router/fesm2022/router.mjs",
      "file": "@angular_router.js",
      "fileHash": "718f4011",
      "needsInterop": false
    },
    "@ngx-translate/core": {
      "src": "../../../../../../node_modules/@ngx-translate/core/fesm2020/ngx-translate-core.mjs",
      "file": "@ngx-translate_core.js",
      "fileHash": "6530e111",
      "needsInterop": false
    },
    "angular-tabler-icons": {
      "src": "../../../../../../node_modules/angular-tabler-icons/fesm2022/angular-tabler-icons.mjs",
      "file": "angular-tabler-icons.js",
      "fileHash": "fd0c6dd7",
      "needsInterop": false
    },
    "angular-tabler-icons/icons": {
      "src": "../../../../../../node_modules/angular-tabler-icons/fesm2022/angular-tabler-icons-icons.mjs",
      "file": "angular-tabler-icons_icons.js",
      "fileHash": "6f0dec8e",
      "needsInterop": false
    },
    "ng-apexcharts": {
      "src": "../../../../../../node_modules/ng-apexcharts/fesm2022/ng-apexcharts.mjs",
      "file": "ng-apexcharts.js",
      "fileHash": "d2e79d37",
      "needsInterop": false
    },
    "ngx-scrollbar": {
      "src": "../../../../../../node_modules/ngx-scrollbar/fesm2022/ngx-scrollbar.mjs",
      "file": "ngx-scrollbar.js",
      "fileHash": "8b135aa1",
      "needsInterop": false
    },
    "rxjs": {
      "src": "../../../../../../node_modules/rxjs/dist/esm5/index.js",
      "file": "rxjs.js",
      "fileHash": "38dac446",
      "needsInterop": false
    },
    "rxjs/operators": {
      "src": "../../../../../../node_modules/rxjs/dist/esm5/operators/index.js",
      "file": "rxjs_operators.js",
      "fileHash": "9ed44058",
      "needsInterop": false
    },
    "zone.js": {
      "src": "../../../../../../node_modules/zone.js/fesm2015/zone.js",
      "file": "zone__js.js",
      "fileHash": "1c18179e",
      "needsInterop": true
    }
  },
  "chunks": {
    "browser-OJJEGKLR": {
      "file": "browser-OJJEGKLR.js"
    },
    "apexcharts.esm-HAL4WEO2": {
      "file": "apexcharts__esm-HAL4WEO2.js"
    },
    "chunk-WQA2FSRL": {
      "file": "chunk-WQA2FSRL.js"
    },
    "chunk-KWWNVIZX": {
      "file": "chunk-KWWNVIZX.js"
    },
    "chunk-WQ5FOKM4": {
      "file": "chunk-WQ5FOKM4.js"
    },
    "chunk-ULQK6SP3": {
      "file": "chunk-ULQK6SP3.js"
    },
    "chunk-75M6ZXEE": {
      "file": "chunk-75M6ZXEE.js"
    },
    "chunk-6OASURPT": {
      "file": "chunk-6OASURPT.js"
    },
    "chunk-AUEEBM7X": {
      "file": "chunk-AUEEBM7X.js"
    },
    "chunk-XA3EVXH3": {
      "file": "chunk-XA3EVXH3.js"
    },
    "chunk-54B242XI": {
      "file": "chunk-54B242XI.js"
    },
    "chunk-4XROSLIP": {
      "file": "chunk-4XROSLIP.js"
    },
    "chunk-65GODRCA": {
      "file": "chunk-65GODRCA.js"
    },
    "chunk-AFKTASQV": {
      "file": "chunk-AFKTASQV.js"
    },
    "chunk-5WOOIQ73": {
      "file": "chunk-5WOOIQ73.js"
    },
    "chunk-J67JZ5J2": {
      "file": "chunk-J67JZ5J2.js"
    },
    "chunk-2MZALPXC": {
      "file": "chunk-2MZALPXC.js"
    },
    "chunk-WDHQBVLJ": {
      "file": "chunk-WDHQBVLJ.js"
    },
    "chunk-WGRTNBQC": {
      "file": "chunk-WGRTNBQC.js"
    },
    "chunk-7KOXIBVJ": {
      "file": "chunk-7KOXIBVJ.js"
    },
    "chunk-WVBMOKKF": {
      "file": "chunk-WVBMOKKF.js"
    },
    "chunk-AWRCRY4Q": {
      "file": "chunk-AWRCRY4Q.js"
    },
    "chunk-GGXRLFOA": {
      "file": "chunk-GGXRLFOA.js"
    },
    "chunk-5ZPC5BP5": {
      "file": "chunk-5ZPC5BP5.js"
    },
    "chunk-RXXZTEFO": {
      "file": "chunk-RXXZTEFO.js"
    },
    "chunk-WDORLV2S": {
      "file": "chunk-WDORLV2S.js"
    },
    "chunk-PASJCZHW": {
      "file": "chunk-PASJCZHW.js"
    },
    "chunk-3JC5WV2T": {
      "file": "chunk-3JC5WV2T.js"
    },
    "chunk-CN7VHKLT": {
      "file": "chunk-CN7VHKLT.js"
    },
    "chunk-6VB4ITYR": {
      "file": "chunk-6VB4ITYR.js"
    },
    "chunk-OX3NRC6A": {
      "file": "chunk-OX3NRC6A.js"
    },
    "chunk-VENV3F3G": {
      "file": "chunk-VENV3F3G.js"
    },
    "chunk-L2BZS5YT": {
      "file": "chunk-L2BZS5YT.js"
    },
    "chunk-U7QR5LXD": {
      "file": "chunk-U7QR5LXD.js"
    },
    "chunk-ODRCYIL4": {
      "file": "chunk-ODRCYIL4.js"
    },
    "chunk-U7XY7Q7Q": {
      "file": "chunk-U7XY7Q7Q.js"
    },
    "chunk-DPRFQZD5": {
      "file": "chunk-DPRFQZD5.js"
    },
    "chunk-OB4BY745": {
      "file": "chunk-OB4BY745.js"
    },
    "chunk-R4DALVGK": {
      "file": "chunk-R4DALVGK.js"
    },
    "chunk-H6VIOWWK": {
      "file": "chunk-H6VIOWWK.js"
    },
    "chunk-AQTVNIXX": {
      "file": "chunk-AQTVNIXX.js"
    },
    "chunk-OKKSGZRX": {
      "file": "chunk-OKKSGZRX.js"
    },
    "chunk-5JKFW7ED": {
      "file": "chunk-5JKFW7ED.js"
    },
    "chunk-2ZKSKDON": {
      "file": "chunk-2ZKSKDON.js"
    },
    "chunk-5VMJXCXH": {
      "file": "chunk-5VMJXCXH.js"
    },
    "chunk-DR642CYF": {
      "file": "chunk-DR642CYF.js"
    },
    "chunk-Y5WJIVYK": {
      "file": "chunk-Y5WJIVYK.js"
    },
    "chunk-ECRVJYHP": {
      "file": "chunk-ECRVJYHP.js"
    },
    "chunk-7M6T2CZT": {
      "file": "chunk-7M6T2CZT.js"
    },
    "chunk-7UJZXIJQ": {
      "file": "chunk-7UJZXIJQ.js"
    },
    "chunk-UG4C7YLC": {
      "file": "chunk-UG4C7YLC.js"
    },
    "chunk-YDR5LZCI": {
      "file": "chunk-YDR5LZCI.js"
    },
    "chunk-224KHV3X": {
      "file": "chunk-224KHV3X.js"
    },
    "chunk-B6FTSS77": {
      "file": "chunk-B6FTSS77.js"
    },
    "chunk-CSPLI7JI": {
      "file": "chunk-CSPLI7JI.js"
    },
    "chunk-TOULDFTB": {
      "file": "chunk-TOULDFTB.js"
    },
    "chunk-HWYXSU2G": {
      "file": "chunk-HWYXSU2G.js"
    },
    "chunk-JRFR6BLO": {
      "file": "chunk-JRFR6BLO.js"
    },
    "chunk-MARUHEWW": {
      "file": "chunk-MARUHEWW.js"
    },
    "chunk-C42J3HML": {
      "file": "chunk-C42J3HML.js"
    }
  }
}